{
  "fa": "TODO",
  "cs": [
    {
      "fr": "Proto-Chibchan",
      "to": "Arhuaco",
      "or": "Pogostick Man",
      "os": " from Wheeler, Alva (1972), “Proto-Chibchan”. In Matteson, Esther, ed., Comparative Studies in Amerindian Languages 93 – 108",
      "so": [
        "s0"
      ],
      "no": [],
      "ch": [
        {
          "be": [
            "s"
          ],
          "af": [
            "kh"
          ],
          "en": "_([+vowel])k",
          "no": [],
          "ta": [
            "generated",
            "unchecked"
          ],
          "ty": []
        },
        {
          "be": [
            "s",
            "d"
          ],
          "af": [
            "z",
            "r"
          ],
          "en": "_([+vowel])j",
          "no": [],
          "ta": [
            "generated",
            "unchecked"
          ],
          "ty": []
        },
        {
          "be": [
            "ts",
            "h"
          ],
          "af": [
            "s",
            "∅"
          ],
          "en": "",
          "no": [],
          "ta": [
            "generated",
            "unchecked"
          ],
          "ty": []
        },
        {
          "be": [
            "∅"
          ],
          "af": [
            "u"
          ],
          "en": "w_[+vowel]",
          "no": [],
          "ta": [
            "generated",
            "unchecked"
          ],
          "ty": []
        },
        {
          "be": [
            "j"
          ],
          "af": [
            "∅"
          ],
          "en": "i_[+vowel]",
          "no": [],
          "ta": [
            "generated",
            "unchecked"
          ],
          "ty": []
        },
        {
          "be": [
            "j"
          ],
          "af": [
            "{j,∅}"
          ],
          "en": "",
          "no": [],
          "ta": [
            "generated",
            "unchecked"
          ],
          "ty": []
        },
        {
          "be": [
            "e"
          ],
          "af": [
            "a"
          ],
          "en": "",
          "no": [],
          "ta": [
            "generated",
            "unchecked"
          ],
          "ty": []
        },
        {
          "be": [
            "i"
          ],
          "af": [
            "∅"
          ],
          "en": "a_",
          "no": [],
          "ta": [
            "generated",
            "unchecked"
          ],
          "ty": []
        },
        {
          "be": [
            "ia"
          ],
          "af": [
            "ə"
          ],
          "en": "",
          "no": [
            "(“unspecifiedˈ)"
          ],
          "ta": [
            "generated",
            "unchecked"
          ],
          "ty": []
        },
        {
          "be": [
            "i"
          ],
          "af": [
            "∅"
          ],
          "en": "[+consonant]ˈ[+vowel]([+consonant])_",
          "no": [],
          "ta": [
            "generated",
            "unchecked"
          ],
          "ty": []
        },
        {
          "be": [
            "i"
          ],
          "af": [
            "∅"
          ],
          "en": "_([+consonant])ˈ[+vowel]",
          "no": [],
          "ta": [
            "generated",
            "unchecked"
          ],
          "ty": []
        }
      ]
    },
    {
      "fr": "Proto-Chibchan",
      "to": "Chibcha",
      "or": "Pogostick Man",
      "os": " from Wheeler, Alva (1972), “Proto-Chibchan”. In Matteson, Esther, ed., Comparative Studies in Amerindian Languages 93 – 108",
      "so": [
        "0"
      ],
      "no": [],
      "ch": [
        {
          "be": [
            "b"
          ],
          "af": [
            "p"
          ],
          "en": "_[+vowel]kʷ",
          "no": [],
          "ta": [
            "generated",
            "unchecked"
          ],
          "ty": []
        },
        {
          "be": [
            "[+vowel]s"
          ],
          "af": [
            "h"
          ],
          "en": "n_",
          "no": [],
          "ta": [
            "generated",
            "unchecked"
          ],
          "ty": []
        },
        {
          "be": [
            "[+vowel]"
          ],
          "af": [
            "∅"
          ],
          "en": "s_j (sometimes)",
          "no": [],
          "ta": [
            "generated",
            "unchecked"
          ],
          "ty": []
        },
        {
          "be": [
            "s"
          ],
          "af": [
            "h"
          ],
          "en": "[+vowel]_[+vowel]",
          "no": [],
          "ta": [
            "generated",
            "unchecked"
          ],
          "ty": []
        },
        {
          "be": [
            "ts"
          ],
          "af": [
            "{s,z}"
          ],
          "en": "",
          "no": [],
          "ta": [
            "generated",
            "unchecked"
          ],
          "ty": []
        },
        {
          "be": [
            "w"
          ],
          "af": [
            "{w,∅}"
          ],
          "en": "",
          "no": [],
          "ta": [
            "generated",
            "unchecked"
          ],
          "ty": []
        },
        {
          "be": [
            "j"
          ],
          "af": [
            "∅"
          ],
          "en": "",
          "no": [],
          "ta": [
            "generated",
            "unchecked"
          ],
          "ty": []
        },
        {
          "be": [
            "n"
          ],
          "af": [
            "{n,∅}"
          ],
          "en": "",
          "no": [],
          "ta": [
            "generated",
            "unchecked"
          ],
          "ty": []
        },
        {
          "be": [
            "a"
          ],
          "af": [
            "∅"
          ],
          "en": "_i, when unstressed",
          "no": [],
          "ta": [
            "generated",
            "unchecked"
          ],
          "ty": []
        },
        {
          "be": [
            "a"
          ],
          "af": [
            "i"
          ],
          "en": "_[+consonant]i",
          "no": [],
          "ta": [
            "generated",
            "unchecked"
          ],
          "ty": []
        },
        {
          "be": [
            "a"
          ],
          "af": [
            "∅"
          ],
          "en": "_u",
          "no": [],
          "ta": [
            "generated",
            "unchecked"
          ],
          "ty": []
        },
        {
          "be": [
            "u"
          ],
          "af": [
            "o"
          ],
          "en": "_[+consonant]a",
          "no": [],
          "ta": [
            "generated",
            "unchecked"
          ],
          "ty": []
        },
        {
          "be": [
            "u"
          ],
          "af": [
            "∅"
          ],
          "en": "_a",
          "no": [],
          "ta": [
            "generated",
            "unchecked"
          ],
          "ty": []
        },
        {
          "be": [
            "i"
          ],
          "af": [
            "u"
          ],
          "en": "_([+consonant])u",
          "no": [],
          "ta": [
            "generated",
            "unchecked"
          ],
          "ty": []
        },
        {
          "be": [
            "i"
          ],
          "af": [
            "a"
          ],
          "en": "_([+consonant])a",
          "no": [],
          "ta": [
            "generated",
            "unchecked"
          ],
          "ty": []
        },
        {
          "be": [
            "i"
          ],
          "af": [
            "e"
          ],
          "en": "_([+consonant])e",
          "no": [],
          "ta": [
            "generated",
            "unchecked"
          ],
          "ty": []
        },
        {
          "be": [
            "a",
            "{e,i}"
          ],
          "af": [
            "i",
            "∅"
          ],
          "en": "[+consonant]ˈ[+vowel]([+consonant])_",
          "no": [],
          "ta": [
            "generated",
            "unchecked"
          ],
          "ty": []
        },
        {
          "be": [
            "i"
          ],
          "af": [
            "∅"
          ],
          "en": "_([+consonant])ˈ[+vowel]",
          "no": [],
          "ta": [
            "generated",
            "unchecked"
          ],
          "ty": []
        },
        {
          "be": [
            "a"
          ],
          "af": [
            "∅"
          ],
          "en": "_ˈ[+vowel]",
          "no": [],
          "ta": [
            "generated",
            "unchecked"
          ],
          "ty": []
        }
      ]
    },
    {
      "fr": "Proto-Chibchan",
      "to": "Kogi",
      "or": "Pogostick Man",
      "os": " from Wheeler, Alva (1972), “Proto-Chibchan”. In Matteson, Esther, ed., Comparative Studies in Amerindian Languages 93 – 108",
      "so": [
        "0"
      ],
      "no": [],
      "ch": [
        {
          "be": [
            "s"
          ],
          "af": [
            "∅"
          ],
          "en": "#_",
          "no": [],
          "ta": [
            "generated",
            "unchecked"
          ],
          "ty": []
        },
        {
          "be": [
            "s"
          ],
          "af": [
            "{ʃ,tʃ}"
          ],
          "en": "_i",
          "no": [],
          "ta": [
            "generated",
            "unchecked"
          ],
          "ty": []
        },
        {
          "be": [
            "s"
          ],
          "af": [
            "h"
          ],
          "en": "_[+vowel]n",
          "no": [],
          "ta": [
            "generated",
            "unchecked"
          ],
          "ty": []
        },
        {
          "be": [
            "n[+vowel]s",
            "d[+vowel]s"
          ],
          "af": [
            "n([+vowel](s))",
            "ʒ([+vowel]ʒ)"
          ],
          "en": "",
          "no": [],
          "ta": [
            "generated",
            "unchecked"
          ],
          "ty": []
        },
        {
          "be": [
            "s",
            "h"
          ],
          "af": [
            "{s,tʃ}",
            "{h,∅}"
          ],
          "en": "",
          "no": [],
          "ta": [
            "generated",
            "unchecked"
          ],
          "ty": []
        },
        {
          "be": [
            "j"
          ],
          "af": [
            "i"
          ],
          "en": "[+consonant]([+vowel])_",
          "no": [],
          "ta": [
            "generated",
            "unchecked"
          ],
          "ty": []
        },
        {
          "be": [
            "n",
            "j"
          ],
          "af": [
            "{n,∅}",
            "{j,∅}"
          ],
          "en": "",
          "no": [],
          "ta": [
            "generated",
            "unchecked"
          ],
          "ty": []
        },
        {
          "be": [
            "e"
          ],
          "af": [
            "a"
          ],
          "en": "",
          "no": [],
          "ta": [
            "generated",
            "unchecked"
          ],
          "ty": []
        },
        {
          "be": [
            "i"
          ],
          "af": [
            "∅"
          ],
          "en": "a_ (sometimes)",
          "no": [],
          "ta": [
            "generated",
            "unchecked"
          ],
          "ty": []
        },
        {
          "be": [
            "u"
          ],
          "af": [
            "w"
          ],
          "en": "_a",
          "no": [],
          "ta": [
            "generated",
            "unchecked"
          ],
          "ty": []
        }
      ]
    },
    {
      "fr": "Proto-Chibchan",
      "to": "Marocacero",
      "or": "Pogostick Man",
      "os": " from Wheeler, Alva (1972), “Proto-Chibchan”. In Matteson, Esther, ed., Comparative Studies in Amerindian Languages 93 – 108",
      "so": [
        "0"
      ],
      "no": [],
      "ch": [
        {
          "be": [
            "s"
          ],
          "af": [
            "{ts,ʃ}"
          ],
          "en": "_i",
          "no": [],
          "ta": [
            "generated",
            "unchecked"
          ],
          "ty": []
        },
        {
          "be": [
            "s"
          ],
          "af": [
            "{s,ts}"
          ],
          "en": "",
          "no": [],
          "ta": [
            "generated",
            "unchecked"
          ],
          "ty": []
        },
        {
          "be": [
            "d([+vowel])j",
            "s([+vowel])j"
          ],
          "af": [
            "lʲ",
            "dʒ"
          ],
          "en": "",
          "no": [],
          "ta": [
            "generated",
            "unchecked"
          ],
          "ty": []
        },
        {
          "be": [
            "d"
          ],
          "af": [
            "l"
          ],
          "en": "",
          "no": [],
          "ta": [
            "generated",
            "unchecked"
          ],
          "ty": []
        },
        {
          "be": [
            "a"
          ],
          "af": [
            "∅"
          ],
          "en": "_i",
          "no": [],
          "ta": [
            "generated",
            "unchecked"
          ],
          "ty": []
        },
        {
          "be": [
            "e"
          ],
          "af": [
            "a"
          ],
          "en": "",
          "no": [],
          "ta": [
            "generated",
            "unchecked"
          ],
          "ty": []
        },
        {
          "be": [
            "i"
          ],
          "af": [
            "ə"
          ],
          "en": "o[+consonant]_",
          "no": [],
          "ta": [
            "generated",
            "unchecked"
          ],
          "ty": []
        },
        {
          "be": [
            "i"
          ],
          "af": [
            "∅"
          ],
          "en": "[+consonant]ˈ[+vowel]([+consonant])_",
          "no": [],
          "ta": [
            "generated",
            "unchecked"
          ],
          "ty": []
        },
        {
          "be": [
            "i"
          ],
          "af": [
            "∅"
          ],
          "en": "_([+consonant])ˈ[+vowel]",
          "no": [],
          "ta": [
            "generated",
            "unchecked"
          ],
          "ty": []
        }
      ]
    },
    {
      "fr": "Proto-Chibchan",
      "to": "Motilón",
      "or": "Pogostick Man",
      "os": " from Wheeler, Alva (1972), “Proto-Chibchan”. In Matteson, Esther, ed., Comparative Studies in Amerindian Languages 93 – 108",
      "so": [
        "0"
      ],
      "no": [],
      "ch": [
        {
          "be": [
            "ɡ"
          ],
          "af": [
            "∅"
          ],
          "en": "",
          "no": [],
          "ta": [
            "generated",
            "unchecked"
          ],
          "ty": []
        },
        {
          "be": [
            "s"
          ],
          "af": [
            "{s,x,tʃ~ʃ}"
          ],
          "en": "",
          "no": [],
          "ta": [
            "generated",
            "unchecked"
          ],
          "ty": []
        },
        {
          "be": [
            "s"
          ],
          "af": [
            "{ʃ,tʃ}"
          ],
          "en": "_i",
          "no": [],
          "ta": [
            "generated",
            "unchecked"
          ],
          "ty": []
        },
        {
          "be": [
            "s"
          ],
          "af": [
            "x"
          ],
          "en": "i_",
          "no": [],
          "ta": [
            "generated",
            "unchecked"
          ],
          "ty": []
        },
        {
          "be": [
            "h"
          ],
          "af": [
            "∅"
          ],
          "en": "",
          "no": [],
          "ta": [
            "generated",
            "unchecked"
          ],
          "ty": []
        },
        {
          "be": [
            "{w,m}"
          ],
          "af": [
            "b"
          ],
          "en": "",
          "no": [],
          "ta": [
            "generated",
            "unchecked"
          ],
          "ty": []
        },
        {
          "be": [
            "s([+vowel])d"
          ],
          "af": [
            "dʲ"
          ],
          "en": "",
          "no": [],
          "ta": [
            "generated",
            "unchecked"
          ],
          "ty": []
        },
        {
          "be": [
            "d"
          ],
          "af": [
            "∅"
          ],
          "en": "[+vowel]_s",
          "no": [],
          "ta": [
            "generated",
            "unchecked"
          ],
          "ty": []
        },
        {
          "be": [
            "e"
          ],
          "af": [
            "a"
          ],
          "en": "",
          "no": [],
          "ta": [
            "generated",
            "unchecked"
          ],
          "ty": []
        },
        {
          "be": [
            "i",
            "→",
            "∅",
            "/",
            "a_",
            "(usually;",
            "sometimes",
            "the",
            "diphthong",
            "is",
            "retained",
            "or"
          ],
          "af": [
            "aj)"
          ],
          "en": "",
          "no": [],
          "ta": [
            "generated",
            "unchecked"
          ],
          "ty": []
        },
        {
          "be": [
            "a"
          ],
          "af": [
            "i"
          ],
          "en": "i[+consonant]_",
          "no": [],
          "ta": [
            "generated",
            "unchecked"
          ],
          "ty": []
        },
        {
          "be": [
            "u"
          ],
          "af": [
            "∅"
          ],
          "en": "a_",
          "no": [],
          "ta": [
            "generated",
            "unchecked"
          ],
          "ty": []
        },
        {
          "be": [
            "u"
          ],
          "af": [
            "∅"
          ],
          "en": "_a",
          "no": [],
          "ta": [
            "generated",
            "unchecked"
          ],
          "ty": []
        },
        {
          "be": [
            "{ue,aja}"
          ],
          "af": [
            "ə"
          ],
          "en": "",
          "no": [],
          "ta": [
            "generated",
            "unchecked"
          ],
          "ty": []
        },
        {
          "be": [
            "{u,i}"
          ],
          "af": [
            "∅"
          ],
          "en": "[+consonant]ˈ[+vowel]([+consonant])_",
          "no": [],
          "ta": [
            "generated",
            "unchecked"
          ],
          "ty": []
        },
        {
          "be": [
            "i"
          ],
          "af": [
            "∅"
          ],
          "en": "_([+consonant])ˈ[+vowel]",
          "no": [],
          "ta": [
            "generated",
            "unchecked"
          ],
          "ty": []
        },
        {
          "be": [
            "e"
          ],
          "af": [
            "u"
          ],
          "en": "u[+consonant]_",
          "no": [],
          "ta": [
            "generated",
            "unchecked"
          ],
          "ty": []
        },
        {
          "be": [
            "e"
          ],
          "af": [
            "∅"
          ],
          "en": "u_[+consonant]",
          "no": [],
          "ta": [
            "generated",
            "unchecked"
          ],
          "ty": []
        }
      ]
    },
    {
      "fr": "Proto-Chibchan",
      "to": "Tunebo",
      "or": "Pogostick Man",
      "os": " from Wheeler, Alva (1972), “Proto-Chibchan”. In Matteson, Esther, ed., Comparative Studies in Amerindian Languages 93 – 108",
      "so": [
        "0"
      ],
      "no": [],
      "ch": [
        {
          "be": [
            "ɡ",
            "ɡʷ"
          ],
          "af": [
            "∅",
            "b"
          ],
          "en": "",
          "no": [],
          "ta": [
            "generated",
            "unchecked"
          ],
          "ty": []
        },
        {
          "be": [
            "{d([+vowel])s,n([+vowel])j}",
            "n([+vowel])s"
          ],
          "af": [
            "r",
            "{[+vowel]s[+vowel],r}"
          ],
          "en": "",
          "no": [],
          "ta": [
            "generated",
            "unchecked"
          ],
          "ty": []
        },
        {
          "be": [
            "d([+vowel])j"
          ],
          "af": [
            "r([+vowel])"
          ],
          "en": "",
          "no": [],
          "ta": [
            "generated",
            "unchecked"
          ],
          "ty": []
        },
        {
          "be": [
            "d"
          ],
          "af": [
            "r"
          ],
          "en": "",
          "no": [],
          "ta": [
            "generated",
            "unchecked"
          ],
          "ty": []
        },
        {
          "be": [
            "s"
          ],
          "af": [
            "h"
          ],
          "en": "_([+vowel])[+consonant]",
          "no": [],
          "ta": [
            "generated",
            "unchecked"
          ],
          "ty": []
        },
        {
          "be": [
            "ts",
            "tʃ"
          ],
          "af": [
            "tʃ",
            "s"
          ],
          "en": "",
          "no": [],
          "ta": [
            "generated",
            "unchecked"
          ],
          "ty": []
        },
        {
          "be": [
            "m",
            "n",
            "h",
            "j"
          ],
          "af": [
            "b",
            "{n,r,∅}",
            "{h,∅}",
            "{j,∅}"
          ],
          "en": "",
          "no": [],
          "ta": [
            "generated",
            "unchecked"
          ],
          "ty": []
        },
        {
          "be": [
            "e"
          ],
          "af": [
            "a"
          ],
          "en": "",
          "no": [],
          "ta": [
            "generated",
            "unchecked"
          ],
          "ty": []
        },
        {
          "be": [
            "ai"
          ],
          "af": [
            "e"
          ],
          "en": "if the *a is not stressed",
          "no": [],
          "ta": [
            "generated",
            "unchecked"
          ],
          "ty": []
        },
        {
          "be": [
            "a"
          ],
          "af": [
            "∅"
          ],
          "en": "_u",
          "no": [],
          "ta": [
            "generated",
            "unchecked"
          ],
          "ty": []
        },
        {
          "be": [
            "i"
          ],
          "af": [
            "a"
          ],
          "en": "_[+consonant]a",
          "no": [],
          "ta": [
            "generated",
            "unchecked"
          ],
          "ty": []
        },
        {
          "be": [
            "{a,i}"
          ],
          "af": [
            "∅"
          ],
          "en": "[+consonant]ˈ[+vowel]([+consonant])_",
          "no": [],
          "ta": [
            "generated",
            "unchecked"
          ],
          "ty": []
        },
        {
          "be": [
            "i"
          ],
          "af": [
            "∅"
          ],
          "en": "_([+consonant])ˈ[+vowel]",
          "no": [],
          "ta": [
            "generated",
            "unchecked"
          ],
          "ty": []
        },
        {
          "be": [
            "e"
          ],
          "af": [
            "∅"
          ],
          "en": "u_[+consonant]",
          "no": [],
          "ta": [
            "generated",
            "unchecked"
          ],
          "ty": []
        },
        {
          "be": [
            "e"
          ],
          "af": [
            "i"
          ],
          "en": "“conditioning undeterminedˈ",
          "no": [],
          "ta": [
            "generated",
            "unchecked"
          ],
          "ty": []
        }
      ]
    },
    {
      "fr": "Proto-Lenmichian",
      "to": "Proto-Lencan",
      "or": "Pogostick Man",
      "os": " from Wikipedia contributors (2015), “Macro-Chibchan languages”. Wikipedia, the Free Encyclopedia. <https:",
      "so": [
        "s1"
      ],
      "no": [],
      "ch": [
        {
          "be": [
            "b",
            "d"
          ],
          "af": [
            "m",
            "n"
          ],
          "en": "_[+vowel +nasal] (I’m inferring this from the statement that “[t]here are also a series…of nasal vowelsˈ)",
          "no": [],
          "ta": [
            "generated",
            "unchecked"
          ],
          "ty": []
        },
        {
          "be": [
            "b",
            "d"
          ],
          "af": [
            "p",
            "l"
          ],
          "en": "",
          "no": [],
          "ta": [
            "generated",
            "unchecked"
          ],
          "ty": []
        },
        {
          "be": [
            "{ʔ,h}"
          ],
          "af": [
            "∅"
          ],
          "en": "",
          "no": [],
          "ta": [
            "generated",
            "unchecked"
          ],
          "ty": []
        },
        {
          "be": [
            "{s,ts}"
          ],
          "af": [
            "tsʼ"
          ],
          "en": "",
          "no": [],
          "ta": [
            "generated",
            "unchecked"
          ],
          "ty": []
        },
        {
          "be": [
            "o",
            "a"
          ],
          "af": [
            "{u,o}",
            "{a,e}"
          ],
          "en": "",
          "no": [],
          "ta": [
            "generated",
            "unchecked"
          ],
          "ty": []
        }
      ]
    },
    {
      "fr": "Proto-Lenmichian",
      "to": "Proto-Misumalpan",
      "or": "Pogostick Man",
      "os": " from Wikipedia contributors (2015), “Macro-Chibchan languages”. Wikipedia, the Free Encyclopedia. <https:",
      "so": [
        "1"
      ],
      "no": [],
      "ch": [
        {
          "be": [
            "b",
            "d"
          ],
          "af": [
            "m",
            "n"
          ],
          "en": "_[+vowel +nasal] (I’m inferring this from the statement that “[t]here are also a series…of nasal vowelsˈ)",
          "no": [],
          "ta": [
            "generated",
            "unchecked"
          ],
          "ty": []
        },
        {
          "be": [
            "b",
            "d"
          ],
          "af": [
            "{b,p}",
            "l"
          ],
          "en": "",
          "no": [],
          "ta": [
            "generated",
            "unchecked"
          ],
          "ty": []
        },
        {
          "be": [
            "{ʔ,h}"
          ],
          "af": [
            "∅"
          ],
          "en": "",
          "no": [],
          "ta": [
            "generated",
            "unchecked"
          ],
          "ty": []
        },
        {
          "be": [
            "ts"
          ],
          "af": [
            "s"
          ],
          "en": "",
          "no": [],
          "ta": [
            "generated",
            "unchecked"
          ],
          "ty": []
        }
      ]
    }
  ]
}