{
  "fa": "TODO",
  "cs": [
    {
      "fr": "Proto-Kartvelian",
      "to": "Georgian",
      "or": "Pogostick Man",
      "os": " from Wikipedia contributors (2013), “Kartvelian languages”. Wikipedia, the Free Encyclopedia. <http:",
      "so": [
        "s0"
      ],
      "no": [],
      "ch": [
        {
          "be": [
            "q"
          ],
          "af": [
            "x"
          ],
          "en": "",
          "no": [],
          "ta": [
            "generated",
            "unchecked"
          ],
          "ty": []
        },
        {
          "be": [
            "{ɬ,ʂ}"
          ],
          "af": [
            "s"
          ],
          "en": "",
          "no": [],
          "ta": [
            "generated",
            "unchecked"
          ],
          "ty": []
        },
        {
          "be": [
            "ʈʂ",
            "{ʈʂʼ,tɬʼ}"
          ],
          "af": [
            "ts",
            "tsʼ"
          ],
          "en": "",
          "no": [],
          "ta": [
            "generated",
            "unchecked"
          ],
          "ty": []
        },
        {
          "be": [
            "ɖʐ"
          ],
          "af": [
            "dz"
          ],
          "en": "",
          "no": [],
          "ta": [
            "generated",
            "unchecked"
          ],
          "ty": []
        },
        {
          "be": [
            "ʐ"
          ],
          "af": [
            "z"
          ],
          "en": "",
          "no": [],
          "ta": [
            "generated",
            "unchecked"
          ],
          "ty": []
        },
        {
          "be": [
            "w"
          ],
          "af": [
            "v"
          ],
          "en": "",
          "no": [],
          "ta": [
            "generated",
            "unchecked"
          ],
          "ty": []
        }
      ]
    },
    {
      "fr": "Proto-Kartvellian",
      "to": "Svan",
      "or": "Pogostick Man",
      "os": " from Wikipedia contributors (2013), “Kartvelian languages”. Wikipedia, the Free Encyclopedia. <http:",
      "so": [
        "0"
      ],
      "no": [],
      "ch": [
        {
          "be": [
            "k",
            "kʼ"
          ],
          "af": [
            "{k,tʃ}",
            "{kʼ,tʃʼ}"
          ],
          "en": "",
          "no": [],
          "ta": [
            "generated",
            "unchecked"
          ],
          "ty": []
        },
        {
          "be": [
            "ɡ"
          ],
          "af": [
            "{ɡ,dʒ}"
          ],
          "en": "",
          "no": [],
          "ta": [
            "generated",
            "unchecked"
          ],
          "ty": []
        },
        {
          "be": [
            "ɬ",
            "ʃ",
            "ʂ"
          ],
          "af": [
            "l",
            "{sɡ,ʃɡ}",
            "ʃ"
          ],
          "en": "",
          "no": [],
          "ta": [
            "generated",
            "unchecked"
          ],
          "ty": []
        },
        {
          "be": [
            "tʃ",
            "ʈʂ",
            "tɬʼ",
            "tʃʼ",
            "ʈʂʼ"
          ],
          "af": [
            "{tʃk,ʃɡ}",
            "tʃ",
            "h",
            "{ʃkʼ,tʃʼkʼ}",
            "tʃʼ"
          ],
          "en": "",
          "no": [],
          "ta": [
            "generated",
            "unchecked"
          ],
          "ty": []
        },
        {
          "be": [
            "dz",
            "dʒ",
            "ɖʐ"
          ],
          "af": [
            "{dz,z}",
            "{dʒɡ,sɡ}",
            "{dʒ,ʒ}"
          ],
          "en": "",
          "no": [],
          "ta": [
            "generated",
            "unchecked"
          ],
          "ty": []
        },
        {
          "be": [
            "ʐ"
          ],
          "af": [
            "ʒ"
          ],
          "en": "",
          "no": [],
          "ta": [
            "generated",
            "unchecked"
          ],
          "ty": []
        }
      ]
    },
    {
      "fr": "Proto-Kartvelian",
      "to": "Zan",
      "or": "Pogostick Man",
      "os": " from Wikipedia contributors (2013), “Kartvelian languages”. Wikipedia, the Free Encyclopedia. <http:",
      "so": [
        "0"
      ],
      "no": [],
      "ch": [
        {
          "be": [
            "ɛ",
            "ɑ"
          ],
          "af": [
            "ɑ",
            "ɔ"
          ],
          "en": "",
          "no": [],
          "ta": [
            "generated",
            "unchecked"
          ],
          "ty": []
        },
        {
          "be": [
            "q",
            "qʼ"
          ],
          "af": [
            "x",
            "{kʼ,qʼ,ʔ}"
          ],
          "en": "",
          "no": [],
          "ta": [
            "generated",
            "unchecked"
          ],
          "ty": []
        },
        {
          "be": [
            "ɬ",
            "ʃ",
            "ʂ"
          ],
          "af": [
            "∅",
            "{sk,ʃk}",
            "ʃ"
          ],
          "en": "",
          "no": [],
          "ta": [
            "generated",
            "unchecked"
          ],
          "ty": []
        },
        {
          "be": [
            "tʃ",
            "ʈʂ",
            "{tɬʼ,ʈʂʼ}",
            "tʃʼʼ"
          ],
          "af": [
            "tʃk",
            "tʃ",
            "tʃʼ",
            "{tsʼkʼ,tʃʼkʼ}"
          ],
          "en": "",
          "no": [],
          "ta": [
            "generated",
            "unchecked"
          ],
          "ty": []
        },
        {
          "be": [
            "dʒ",
            "ɖʐ"
          ],
          "af": [
            "{dʒɡ,dzɡ}",
            "dʒ"
          ],
          "en": "",
          "no": [],
          "ta": [
            "generated",
            "unchecked"
          ],
          "ty": []
        },
        {
          "be": [
            "ʐ"
          ],
          "af": [
            "ʒ"
          ],
          "en": "",
          "no": [],
          "ta": [
            "generated",
            "unchecked"
          ],
          "ty": []
        },
        {
          "be": [
            "w"
          ],
          "af": [
            "v"
          ],
          "en": "",
          "no": [],
          "ta": [
            "generated",
            "unchecked"
          ],
          "ty": []
        }
      ]
    }
  ]
}